05/31/2023,417.79
05/30/2023,417.21
05/26/2023,415.39
05/25/2023,392.06
05/24/2023,365.76
05/23/2023,370.42
05/22/2023,372.05
05/19/2023,371.25
05/18/2023,360.43
05/17/2023,356.63
05/16/2023,345.11
05/15/2023,345.67
05/12/2023,335.45
05/11/2023,341.58
05/10/2023,344.02
05/09/2023,342.65
05/08/2023,344.06
05/05/2023,348.4
05/04/2023,335.83
05/03/2023,345.25
05/02/2023,368.66
05/01/2023,374.15
04/28/2023,377.56
04/27/2023,371.42
04/26/2023,363.06
04/25/2023,369.59
04/24/2023,377.34
04/21/2023,377.67
04/20/2023,380.26
04/19/2023,380.11
04/18/2023,377.55
04/17/2023,377.92
04/14/2023,379.38
04/13/2023,378.8
04/12/2023,369.89
04/11/2023,371.11
04/10/2023,376.25
04/06/2023,380.6
04/05/2023,382.02
04/04/2023,385.15
04/03/2023,380.08
03/31/2023,385.37
03/30/2023,381.9
03/29/2023,379.16
03/28/2023,373.4
03/27/2023,373.15
03/24/2023,374.96
03/23/2023,369
03/22/2023,361.71
03/21/2023,374.22
03/20/2023,362.88
03/17/2023,358.14
03/16/2023,353.29
03/15/2023,333.61
03/14/2023,333.33
03/13/2023,324.27
03/10/2023,329.3
03/09/2023,338.37
03/08/2023,345.84
03/07/2023,344.8
03/06/2023,347.02
03/03/2023,344.04
03/02/2023,333.5
03/01/2023,323.38
02/28/2023,323.95
02/27/2023,322.32
02/24/2023,320.54
02/23/2023,347.02
02/22/2023,348.72
02/21/2023,346.7
02/17/2023,356.85
02/16/2023,365.16
02/15/2023,375.94
02/14/2023,377.9
02/13/2023,375
02/10/2023,370.99
02/09/2023,375.81
02/08/2023,378.36
02/07/2023,383.82
02/06/2023,375.23
02/03/2023,379.33
02/02/2023,392.23
02/01/2023,383.92
01/31/2023,370.34
01/30/2023,363.42
01/27/2023,370.71
01/26/2023,365.82
01/25/2023,358.17
01/24/2023,361.32
01/23/2023,364.98
01/20/2023,356.38
01/19/2023,342.53
01/18/2023,341.31
01/17/2023,344.38
01/13/2023,344.38
01/12/2023,344.54
01/11/2023,342.93
01/10/2023,338.7
01/09/2023,341.98
01/06/2023,332.75
01/05/2023,328.44
01/04/2023,341.41
01/03/2023,336.92
12/30/2022,336.53
12/29/2022,337.58
12/28/2022,328.33
12/27/2022,335.09
12/23/2022,338.45
12/22/2022,336.52
12/21/2022,341.38
12/20/2022,338.22
12/19/2022,328.76
12/16/2022,338.54
12/15/2022,328.71
12/14/2022,339.92
12/13/2022,342.46
12/12/2022,338.17
12/09/2022,330.64
12/08/2022,332.58
12/07/2022,326.68
12/06/2022,331.15
12/05/2022,334.09
12/02/2022,341.53
12/01/2022,344.11
11/30/2022,344.93
11/29/2022,326.78
11/28/2022,328.97
11/25/2022,334.3
11/23/2022,335.78
11/22/2022,330.88
11/21/2022,321.49
11/18/2022,330.86
11/17/2022,337.83
11/16/2022,338.41
11/15/2022,345.96
11/14/2022,340.37
11/11/2022,341.15
11/10/2022,329.95
11/09/2022,298.87
11/08/2022,302.17
11/07/2022,299.54
11/04/2022,285.75
11/03/2022,285.93
11/02/2022,301.22
11/01/2022,316.02
10/31/2022,318.5
10/28/2022,325.68
10/27/2022,318.65
10/26/2022,320.48
10/25/2022,323.79
10/24/2022,316.22
10/21/2022,306.37
10/20/2022,302.38
10/19/2022,299.83
10/18/2022,292.98
10/17/2022,293.5
10/14/2022,287.94
10/13/2022,294.74
10/12/2022,286.15
10/11/2022,284.83
10/10/2022,285.72
10/07/2022,288.77
10/06/2022,298.41
10/05/2022,297.38
10/04/2022,294.97
10/03/2022,285.24
09/30/2022,275.2
09/29/2022,278.25
09/28/2022,281.4
09/27/2022,277.57
09/26/2022,276.96
09/23/2022,284.56
09/22/2022,287.06
09/21/2022,286.3
09/20/2022,291.06
09/19/2022,296.06
09/16/2022,299.5
09/15/2022,309.13
09/14/2022,371.52
09/13/2022,368.39
09/12/2022,396.36
09/09/2022,394.78
09/08/2022,383.63
09/07/2022,379.72
09/06/2022,368.3
09/02/2022,368.14
09/01/2022,370.53
08/31/2022,373.44
08/30/2022,375.07
08/29/2022,375.26
08/26/2022,381.02
08/25/2022,403.93
08/24/2022,405.65
08/23/2022,410.41
08/22/2022,411.35
08/19/2022,425.055
08/18/2022,439.03
08/17/2022,437.82
08/16/2022,447.56
08/15/2022,451.02
08/12/2022,445.67
08/11/2022,434.89
08/10/2022,438.4
08/09/2022,426.57
08/08/2022,434.34
08/05/2022,433.43
08/04/2022,430.59
08/03/2022,424.54
08/02/2022,409.96
08/01/2022,411.09
07/29/2022,410.12
07/28/2022,403.5
07/27/2022,392.78
07/26/2022,379.26
07/25/2022,391.96
07/22/2022,401.9
07/21/2022,408.91
07/20/2022,401.49
07/19/2022,387.83
07/18/2022,375.23
07/15/2022,379.86
07/14/2022,372.96
07/13/2022,371.94
07/12/2022,375.54
07/11/2022,384.16
07/08/2022,389.44
07/07/2022,390.89
07/06/2022,382.83
07/05/2022,376.49
07/01/2022,368.48
06/30/2022,366.06
06/29/2022,368.5
06/28/2022,365.63
06/27/2022,381.07
06/24/2022,387.72
06/23/2022,376.64
06/22/2022,365.33
06/21/2022,362.99
06/17/2022,360.79
06/16/2022,365.08
06/15/2022,376.92
06/14/2022,370.82
06/13/2022,371.65
06/10/2022,393.84
06/09/2022,426.42
06/08/2022,428.84
06/07/2022,433.42
06/06/2022,429.46
06/03/2022,429.76
06/02/2022,441.28
06/01/2022,418.16
05/31/2022,416.48
05/27/2022,428.22
05/26/2022,408.6
05/25/2022,402.5
05/24/2022,398.41
05/23/2022,406.76
05/20/2022,399.09
05/19/2022,394.38
05/18/2022,397.88
05/17/2022,409.65
05/16/2022,402.86
05/13/2022,405.45
05/12/2022,388.49
05/11/2022,379.33
05/10/2022,393.03
05/09/2022,376.91
05/06/2022,391.01
05/05/2022,400.51
05/04/2022,423.35
05/03/2022,407.58
05/02/2022,407.29
04/29/2022,395.95
04/28/2022,410.53
04/27/2022,397.9
04/26/2022,399.12
04/25/2022,413.95
04/22/2022,408.67
04/21/2022,417.48
04/20/2022,428.11
04/19/2022,436.4
04/18/2022,425.47
04/14/2022,420.44
04/13/2022,431.67
04/12/2022,426.77
04/11/2022,434.44
04/08/2022,445.34
04/07/2022,452.72
04/06/2022,444.33
04/05/2022,458.58
04/04/2022,468.81
04/01/2022,458.19
03/31/2022,455.62
03/30/2022,460.06
03/29/2022,466.33
03/28/2022,450.01
03/25/2022,431.62
03/24/2022,432.14
03/23/2022,422.9
03/22/2022,466.45
03/21/2022,453.59
03/18/2022,453.33
03/17/2022,444.36
03/16/2022,442.36
03/15/2022,421.66
03/14/2022,411.5
03/11/2022,416.38
03/10/2022,438.95
03/09/2022,450.87
03/08/2022,431.53
03/07/2022,437.97
03/04/2022,452.13
03/03/2022,459.08
03/02/2022,471.18
03/01/2022,466.68
02/28/2022,467.68
02/25/2022,465.54
02/24/2022,463.82
02/23/2022,429.45
02/22/2022,438.4
02/18/2022,442.56
02/17/2022,457.71
02/16/2022,477.7
02/15/2022,479.5
02/14/2022,474.01
02/11/2022,473.97
02/10/2022,495.02
02/09/2022,521.75
02/08/2022,511.31
02/07/2022,507.1
02/04/2022,513.54
02/03/2022,510.83
02/02/2022,533.09
02/01/2022,535.98
01/31/2022,534.3
01/28/2022,518.16
01/27/2022,493.05
01/26/2022,500.81
01/25/2022,502.72
01/24/2022,519.66
01/21/2022,499.91
01/20/2022,510.85
01/19/2022,516.58
01/18/2022,513.34
01/14/2022,520.6
01/13/2022,516.9
01/12/2022,532.37
01/11/2022,529.89
01/10/2022,525.83
01/07/2022,510.7
01/06/2022,514.12
01/05/2022,514.43
01/04/2022,554
01/03/2022,564.37
12/31/2021,567.06
12/30/2021,570.53
12/29/2021,569.29
12/28/2021,569.36
12/27/2021,577.68
12/23/2021,569.62
12/22/2021,563.98
12/21/2021,557.52
12/20/2021,549.77
12/17/2021,556.64
12/16/2021,566.09
12/15/2021,630.33
12/14/2021,614.86
12/13/2021,658.3
12/10/2021,654.45
12/09/2021,632.57
12/08/2021,653.1
12/07/2021,649.96
12/06/2021,622.04
12/03/2021,616.53
12/02/2021,671.88
12/01/2021,657.41
11/30/2021,669.85
11/29/2021,687.49
11/26/2021,662.1
11/24/2021,668.32
11/23/2021,665.16
11/22/2021,673.57
11/19/2021,688.37
11/18/2021,670.96
11/17/2021,670.67
11/16/2021,671.03
11/15/2021,659.73
11/12/2021,657.6
11/11/2021,643.17
11/10/2021,647.5
11/09/2021,667.92
11/08/2021,666.02
11/05/2021,662.72
11/04/2021,674.08
11/03/2021,655.18
11/02/2021,640.4
11/01/2021,640.2
10/29/2021,650.36
10/28/2021,639.28
10/27/2021,640.08
10/26/2021,642.5
10/25/2021,646.97
10/22/2021,643.58
10/21/2021,638.66
10/20/2021,632.37
10/19/2021,636.07
10/18/2021,622.83
10/15/2021,610.09
10/14/2021,607.51
10/13/2021,591.12
10/12/2021,580.69
10/11/2021,573.07
10/08/2021,576.86
10/07/2021,578.96
10/06/2021,570.31
10/05/2021,566.7
10/04/2021,558.49
10/01/2021,577.47
09/30/2021,575.72
09/29/2021,577.7
09/28/2021,578.77
09/27/2021,603.65
09/24/2021,622.71
09/23/2021,630.84
09/22/2021,626.08
09/21/2021,645.89
09/20/2021,641.29
09/17/2021,654.48
09/16/2021,665.11
09/15/2021,661.08
09/14/2021,645.01
09/13/2021,645.15
09/10/2021,658.94
09/09/2021,661.68
09/08/2021,663.22
09/07/2021,661.39
09/03/2021,666.59
09/02/2021,664.64
09/01/2021,665.89
08/31/2021,663.7
08/30/2021,665.99
08/27/2021,658.52
08/26/2021,652.39
08/25/2021,656.8
08/24/2021,657.24
08/23/2021,656.86
08/20/2021,647.34
08/19/2021,637.66
08/18/2021,626.77
08/17/2021,635.01
08/16/2021,636.94
08/13/2021,637.31
08/12/2021,634.35
08/11/2021,626.03
08/10/2021,621.74
08/09/2021,629.22
08/06/2021,631.38
08/05/2021,632.08
08/04/2021,625.68
08/03/2021,621.28
08/02/2021,618.75
07/30/2021,621.63
07/29/2021,621.7
07/28/2021,620.92
07/27/2021,618.28
07/26/2021,620.8
07/23/2021,625.87
07/22/2021,623.68
07/21/2021,612.26
07/20/2021,608.72
07/19/2021,602.05
07/16/2021,606.1
07/15/2021,606.17
07/14/2021,608.83
07/13/2021,605.01
07/12/2021,600.2
07/09/2021,604.5
07/08/2021,605.95
07/07/2021,605.77
07/06/2021,596.9
07/02/2021,593.07
07/01/2021,584.73
06/30/2021,585.64
06/29/2021,590.75
06/28/2021,588.8
06/25/2021,579.66
06/24/2021,578.26
06/23/2021,574.23
06/22/2021,575.74
06/21/2021,567.35
06/18/2021,565.59
06/17/2021,551.36
06/16/2021,543.33
06/15/2021,548.46
06/14/2021,556.95
06/11/2021,541.26
06/10/2021,535.52
06/09/2021,514.68
06/08/2021,509.2
06/07/2021,509.47
06/04/2021,504.5
06/03/2021,493.14
06/02/2021,495.77
06/01/2021,495.91
05/28/2021,504.58
05/27/2021,498.28
05/26/2021,506.98
05/25/2021,505.08
05/24/2021,497.83
05/21/2021,488.07
05/20/2021,491.67
05/19/2021,480.47
05/18/2021,480.62
05/17/2021,482.74
05/14/2021,486.56
05/13/2021,474.16
05/12/2021,472.09
05/11/2021,485.19
05/10/2021,479.38
05/07/2021,488.73
05/06/2021,483.61
05/05/2021,486.69
05/04/2021,490.7
05/03/2021,503.46
04/30/2021,508.34
04/29/2021,516.09
04/28/2021,515.48
04/27/2021,517.32
04/26/2021,515.7
04/23/2021,515.84
04/22/2021,507.29
04/21/2021,512.34
04/20/2021,514.21
04/19/2021,516.17
04/16/2021,525.08
04/15/2021,523.25
04/14/2021,510.63
04/13/2021,514.86
04/12/2021,506.03
04/09/2021,504.04
04/08/2021,499.84
04/07/2021,493.41
04/06/2021,491.34
04/05/2021,491.62
04/01/2021,483.34
03/31/2021,475.37
03/30/2021,465.46
03/29/2021,469.32
03/26/2021,469.09
03/25/2021,450.99
03/24/2021,451.51
03/23/2021,460.2
03/22/2021,452.41
03/19/2021,441.5
03/18/2021,439.18
03/17/2021,451.01
03/16/2021,450.54
03/15/2021,447.59
03/12/2021,444.3
03/11/2021,451.06
03/10/2021,437.01
03/09/2021,439.18
03/08/2021,421.2
03/05/2021,440.83
03/04/2021,439.06
03/03/2021,448.45
03/02/2021,466.59
03/01/2021,469.57
02/26/2021,459.67
02/25/2021,459.16
02/24/2021,476.62
02/23/2021,467.8
02/22/2021,467.33
02/19/2021,479.12
02/18/2021,488.37
02/17/2021,491.23
02/16/2021,501.64
02/12/2021,498.84
02/11/2021,496.62
02/10/2021,492.67
02/09/2021,496.05
02/08/2021,493.76
02/05/2021,492.12
02/04/2021,489.38
02/03/2021,481.92
02/02/2021,484.93
02/01/2021,470
01/29/2021,458.77
01/28/2021,465.67
01/27/2021,460
01/26/2021,476.28
01/25/2021,473.44
01/22/2021,472.44
01/21/2021,472.02
01/20/2021,469.73
01/19/2021,456.5
01/15/2021,458.08
01/14/2021,463.27
01/13/2021,472.05
01/12/2021,471.65
01/11/2021,474.24
01/08/2021,485.1
01/07/2021,477.74
01/06/2021,466.31
01/05/2021,485.69
01/04/2021,485.34
12/31/2020,500.12
12/30/2020,497.45
12/29/2020,502.11
12/28/2020,498.95
12/24/2020,499.86
12/23/2020,496.91
12/22/2020,504.17
12/21/2020,498.39
12/18/2020,502.95
12/17/2020,495.36
12/16/2020,489.9
12/15/2020,482.64
12/14/2020,486.42
12/11/2020,475.91
12/10/2020,476.87
12/09/2020,483.74
12/08/2020,495.28
12/07/2020,492.25
12/04/2020,486
12/03/2020,484.28
12/02/2020,481.26
12/01/2020,479.15
11/30/2020,478.47
11/27/2020,477.03
11/25/2020,470.08
11/24/2020,462.7
11/23/2020,460.61
11/20/2020,462.92
11/19/2020,466.41
11/18/2020,459.47
11/17/2020,467.95
11/16/2020,460.95
11/13/2020,469.34
11/12/2020,462.58
11/11/2020,467.75
11/10/2020,452
11/09/2020,471.14
11/06/2020,494.63
11/05/2020,496.47
11/04/2020,487.23
11/03/2020,454.02
11/02/2020,444.94
10/30/2020,447.1
10/29/2020,461.11
10/28/2020,456.97
10/27/2020,478.56
10/26/2020,475.2
10/23/2020,488.5
10/22/2020,483.6
10/21/2020,495.96
10/20/2020,494.58
10/19/2020,495.2
10/16/2020,502.82
10/15/2020,501.15
10/14/2020,506.31
10/13/2020,514.31
10/12/2020,510.89
10/09/2020,502.16
10/08/2020,490.84
10/07/2020,493.15
10/06/2020,478.98
10/05/2020,486.47
10/02/2020,478.99
10/01/2020,499.51
09/30/2020,490.43
09/29/2020,489.33
09/28/2020,488.51
09/25/2020,479.78
09/24/2020,467.67
09/23/2020,470.39
09/22/2020,486.78
09/21/2020,475.64
09/18/2020,467.55
09/17/2020,474.3
09/16/2020,476
09/15/2020,497.67
09/14/2020,485.91
09/11/2020,471.35
09/10/2020,476.26
09/09/2020,479.46
09/08/2020,462.13
09/04/2020,491.94
09/03/2020,507.8
09/02/2020,533.8
09/01/2020,527.95
08/31/2020,513.39
08/28/2020,516.44
08/27/2020,510.32
08/26/2020,528.49
08/25/2020,484.43
08/24/2020,476.3
08/21/2020,473.22
08/20/2020,478.48
08/19/2020,462.01
08/18/2020,463.51
08/17/2020,451.58
08/14/2020,447.6
08/13/2020,450.02
08/12/2020,445.36
08/11/2020,435.23
08/10/2020,443.29
08/07/2020,449.57
08/06/2020,464.11
08/05/2020,449.51
08/04/2020,446.92
08/03/2020,447.97
07/31/2020,444.32
07/30/2020,438.88
07/29/2020,436.3
07/28/2020,432.26
07/27/2020,437.1
07/24/2020,430.31
07/23/2020,431.74
07/22/2020,445.05
07/21/2020,444.28
07/20/2020,455.27
07/17/2020,432.42
07/16/2020,426.29
07/15/2020,433.01
07/14/2020,433.78
07/13/2020,442.47
07/10/2020,466.2
07/09/2020,460.84
07/08/2020,457.68
07/07/2020,449.36
07/06/2020,452.59
07/02/2020,442.95
07/01/2020,439.81
06/30/2020,435.31
06/29/2020,424.2
06/26/2020,426.92
06/25/2020,436.95
06/24/2020,431.68
06/23/2020,440.55
06/22/2020,438.64
06/19/2020,428.01
06/18/2020,420.46
06/17/2020,413.49
06/16/2020,411.67
06/15/2020,401.34
06/12/2020,406.54
06/11/2020,387.67
06/10/2020,406.82
06/09/2020,397.16
06/08/2020,397.78
06/05/2020,392.9
06/04/2020,385.8
06/03/2020,389.92
06/02/2020,390.44
06/01/2020,389.68
05/29/2020,386.6
05/28/2020,379.83
05/27/2020,375.17
05/26/2020,376.63
05/22/2020,385.26
05/21/2020,382.17
05/20/2020,383.63
05/19/2020,372.2
05/18/2020,367.97
05/15/2020,365.3
05/14/2020,355.39
05/13/2020,358.56
05/12/2020,365.1
05/11/2020,371.42
05/08/2020,367.51
05/07/2020,366.78
05/06/2020,362.52
05/05/2020,356.13
05/04/2020,349.11
05/01/2020,343.84
04/30/2020,353.64
04/29/2020,349.17
04/28/2020,333.45
04/27/2020,348.5
04/24/2020,344.1
04/23/2020,335.37
04/22/2020,336.77
04/21/2020,328.99
04/20/2020,344.88
04/17/2020,344.11
04/16/2020,342.7
04/15/2020,332.55
04/14/2020,340.765
04/13/2020,320.65
04/09/2020,318.7
04/08/2020,317.18
04/07/2020,308.93
04/06/2020,319.13
04/03/2020,293.61
04/02/2020,303.96
04/01/2020,301.21
03/31/2020,318.24
03/30/2020,318.39
03/27/2020,305.83
03/26/2020,322.67
03/25/2020,305.91
03/24/2020,310
03/23/2020,307.27
03/20/2020,295.34
03/19/2020,307.51
03/18/2020,294.61
03/17/2020,311.81
03/16/2020,286.03
03/13/2020,335.5
03/12/2020,285
03/11/2020,315.23
03/10/2020,332.38
03/09/2020,305.79
03/06/2020,336.77
03/05/2020,351.03
03/04/2020,363.85
03/03/2020,348.34
03/02/2020,360.28
02/28/2020,345.12
02/27/2020,337.52
02/26/2020,351.34
02/25/2020,347.8
02/24/2020,357.41
02/21/2020,372.95
02/20/2020,378.96
02/19/2020,383.28
02/18/2020,378.85
02/14/2020,379.67
02/13/2020,374.84
02/12/2020,374.29
02/11/2020,369.28
02/10/2020,370
02/07/2020,366.09
02/06/2020,367.46
02/05/2020,365.55
02/04/2020,366.74
02/03/2020,358
01/31/2020,351.14
01/30/2020,356.74
01/29/2020,351.66
01/28/2020,354.63
01/27/2020,346.9
01/24/2020,351.37
01/23/2020,351.76
01/22/2020,350.06
01/21/2020,350
01/17/2020,349.74
01/16/2020,345.38
01/15/2020,342.94
01/14/2020,344.63
01/13/2020,345.63
01/10/2020,339.81
01/09/2020,340.45
01/08/2020,337.87
01/07/2020,333.39
01/06/2020,333.71
01/03/2020,331.81
01/02/2020,334.43
12/31/2019,329.81
12/30/2019,328.34
12/27/2019,330.79
12/26/2019,331.2
12/24/2019,329.64
12/23/2019,328.95
12/20/2019,327.61
12/19/2019,327.63
12/18/2019,324.38
12/17/2019,322.85
12/16/2019,323.8
12/13/2019,317.94
12/12/2019,305.96
12/11/2019,303.74
12/10/2019,304.17
12/09/2019,307.05
12/06/2019,306.23
12/05/2019,303.03
12/04/2019,302.51
12/03/2019,303.91
12/02/2019,302.75
11/29/2019,309.53
11/27/2019,309.06
11/26/2019,307.9
11/25/2019,305.28
11/22/2019,299.3
11/21/2019,298.8
11/20/2019,300.1
11/19/2019,300.6
11/18/2019,297.16
11/15/2019,297.5
11/14/2019,294.53
11/13/2019,293.54
11/12/2019,291.72
11/11/2019,290.27
11/08/2019,292.46
11/07/2019,290.77
11/06/2019,287.4
11/05/2019,289.29
11/04/2019,277.5
11/01/2019,277.82
10/31/2019,277.93
10/30/2019,278.41
10/29/2019,271.45
10/28/2019,271.35
10/25/2019,270.98
10/24/2019,269.7
10/23/2019,261.32
10/22/2019,261.09
10/21/2019,266.84
10/18/2019,265.52
10/17/2019,269.24
10/16/2019,272.7
10/15/2019,279.39
10/14/2019,277.78
10/11/2019,278.29
10/10/2019,274.98
10/09/2019,274.27
10/08/2019,270.83
10/07/2019,276.9
10/04/2019,276.96
10/03/2019,272.4
10/02/2019,266.66
10/01/2019,272.71
09/30/2019,276.25
09/27/2019,277.54
09/26/2019,283.81
09/25/2019,277.43
09/24/2019,272.47
09/23/2019,277.44
09/20/2019,277.91
09/19/2019,281.26
09/18/2019,279.72
09/17/2019,284.69
09/16/2019,282.93
09/13/2019,278.35
09/12/2019,278.02
09/11/2019,277.78
09/10/2019,276.14
09/09/2019,279.3
09/06/2019,284.94
09/05/2019,287.75
09/04/2019,284.6
09/03/2019,282.45
08/30/2019,284.51
08/29/2019,286.63
08/28/2019,282.13
08/27/2019,289.45
08/26/2019,288.74
08/23/2019,282.44
08/22/2019,287.69
08/21/2019,291.53
08/20/2019,285.71
08/19/2019,287.97
08/16/2019,287.45
08/15/2019,282.71
08/14/2019,283.66
08/13/2019,293.17
08/12/2019,288.65
08/09/2019,294.83
08/08/2019,297.78
08/07/2019,289.02
08/06/2019,286.21
08/05/2019,280.36
08/02/2019,293.71
08/01/2019,298.44
07/31/2019,298.86
07/30/2019,303.64
07/29/2019,307.22
07/26/2019,311.27
07/25/2019,308.73
07/24/2019,310.27
07/23/2019,307.88
07/22/2019,308.55
07/19/2019,306.87
07/18/2019,310.08
07/17/2019,309.39
07/16/2019,305.7
07/15/2019,308.76
07/12/2019,309.42
07/11/2019,307.6
07/10/2019,306.98
07/09/2019,304.2
07/08/2019,302.92
07/05/2019,303.98
07/03/2019,305.7
07/02/2019,301.39
07/01/2019,300.97
06/28/2019,294.65
06/27/2019,293.23
06/26/2019,288.72
06/25/2019,287.97
06/24/2019,299.87
06/21/2019,299.33
06/20/2019,302.11
06/19/2019,291.21
06/18/2019,276.78
06/17/2019,275.6
06/14/2019,274.28
06/13/2019,276.3
06/12/2019,276.84
06/11/2019,275.99
06/10/2019,280.34
06/07/2019,278.16
06/06/2019,274.8
06/05/2019,272.86
06/04/2019,268.71
06/03/2019,259.03
05/31/2019,270.9
05/30/2019,274.51
05/29/2019,273.38
05/28/2019,278.25
05/24/2019,274.77
05/23/2019,274.25
05/22/2019,281.82
05/21/2019,278.07
05/20/2019,275.45
05/17/2019,279.85
05/16/2019,283.55
05/15/2019,276.82
05/14/2019,271.86
05/13/2019,267.7
05/10/2019,278.48
05/09/2019,275.79
05/08/2019,276.77
05/07/2019,277.07
05/06/2019,283.66
05/03/2019,285.58
05/02/2019,279.64
05/01/2019,283.35
04/30/2019,289.25
04/29/2019,286.14
04/26/2019,281.96
04/25/2019,277.66
04/24/2019,275.45
04/23/2019,278.49
04/22/2019,272.21
04/18/2019,270.57
04/17/2019,269.45
04/16/2019,271.43
04/15/2019,272.22
04/12/2019,271.86
04/11/2019,271.9
04/10/2019,271.58
04/09/2019,268.99
04/08/2019,268.81
04/05/2019,267.45
04/04/2019,267.89
04/03/2019,271.5
04/02/2019,271.35
04/01/2019,272.17
03/29/2019,266.49
03/28/2019,263.53
03/27/2019,262.34
03/26/2019,265.59
03/25/2019,262.27
03/22/2019,259.69
03/21/2019,264.18
03/20/2019,259.74
03/19/2019,260.42
03/18/2019,257.76
03/15/2019,257.09
03/14/2019,267.69
03/13/2019,264.38
03/12/2019,263.51
03/11/2019,260.96
03/08/2019,254.74
03/07/2019,255.46
03/06/2019,256.4
03/05/2019,257.38
03/04/2019,258.16
03/01/2019,264.01
02/28/2019,262.5
02/27/2019,262.9
02/26/2019,261.22
02/25/2019,258.62
02/22/2019,258.9
02/21/2019,257.76
02/20/2019,258.1
02/19/2019,257.81
02/15/2019,259.45
02/14/2019,260.14
02/13/2019,260.23
02/12/2019,261.37
02/11/2019,258.39
02/08/2019,257
02/07/2019,253.74
02/06/2019,254.35
02/05/2019,254.82
02/04/2019,254.74
02/01/2019,247.38
01/31/2019,247.82
01/30/2019,242.67
01/29/2019,238.27
01/28/2019,241.85
01/25/2019,244.95
01/24/2019,242.56
01/23/2019,245.14
01/22/2019,243.85
01/18/2019,247.51
01/17/2019,244.4
01/16/2019,241.95
01/15/2019,242.36
01/14/2019,234.56
01/11/2019,237.55
01/10/2019,237.77
01/09/2019,235.43
01/08/2019,232.68
01/07/2019,229.26
01/04/2019,226.19
01/03/2019,215.7
01/02/2019,224.57
12/31/2018,226.24
12/28/2018,223.13
12/27/2018,225.14
12/26/2018,222.95
12/24/2018,205.16
12/21/2018,208.8
12/20/2018,218.65
12/19/2018,224.65
12/18/2018,226.18
12/17/2018,221.38
12/14/2018,230
12/13/2018,248.08
12/12/2018,245.55
12/11/2018,245.34
12/10/2018,244.09
12/07/2018,238
12/06/2018,250.63
12/04/2018,245.82
12/03/2018,255.26
11/30/2018,250.89
11/29/2018,249.09
11/28/2018,249.21
11/27/2018,232.25
11/26/2018,231.96
11/23/2018,225.56
11/21/2018,225.98
11/20/2018,219.73
11/19/2018,219.69
11/16/2018,238.89
11/15/2018,239.95
11/14/2018,235.22
11/13/2018,238.74
11/12/2018,236.67
11/09/2018,244.84
11/08/2018,249.96
11/07/2018,253.43
11/06/2018,240.56
11/05/2018,239.89
11/02/2018,239.64
11/01/2018,245.28
10/31/2018,245.76
10/30/2018,238.41
10/29/2018,239.75
10/26/2018,245.8
10/25/2018,252.92
10/24/2018,238.44
10/23/2018,251.76
10/22/2018,251.06
10/19/2018,245.03
10/18/2018,250.35
10/17/2018,258.91
10/16/2018,260.67
10/15/2018,238.01
10/12/2018,248.87
10/11/2018,238.59
10/10/2018,237.91
10/09/2018,254.16
10/08/2018,254.69
10/05/2018,263.22
10/04/2018,263.71
10/03/2018,270.51
10/02/2018,272
10/01/2018,275.49
09/28/2018,269.95
09/27/2018,269.91
09/26/2018,268.47
09/25/2018,267.84
09/24/2018,264.09
09/21/2018,260.88
09/20/2018,266.34
09/19/2018,264.88
09/18/2018,270.79
09/17/2018,268.25
09/14/2018,274.69
09/13/2018,268.52
09/12/2018,267.79
09/11/2018,267
09/10/2018,265.37
09/07/2018,260.87
09/06/2018,259.75
09/05/2018,256.14
09/04/2018,266.68
08/31/2018,263.51
08/30/2018,266.43
08/29/2018,268.36
08/28/2018,263.04
08/27/2018,262.4
08/24/2018,261.51
08/23/2018,257
08/22/2018,255.54
08/21/2018,251.5
08/20/2018,249.76
08/17/2018,245.7
08/16/2018,248.89
08/15/2018,250.52
08/14/2018,256.05
08/13/2018,253.54
08/10/2018,253.7
08/09/2018,253.8
08/08/2018,253.83
08/07/2018,253.39
08/06/2018,254.11
08/03/2018,253.28
08/02/2018,252.22
08/01/2018,248.01
07/31/2018,244.68
07/30/2018,242.32
07/27/2018,254.81
07/26/2018,261.93
07/25/2018,263.17
07/24/2018,257.49
07/23/2018,259.47
07/20/2018,257.54
07/19/2018,257.68
07/18/2018,259.78
07/17/2018,258.31
07/16/2018,254.68
07/13/2018,258.59
07/12/2018,254.87
07/11/2018,248.12
07/10/2018,248.63
07/09/2018,249.77
07/06/2018,248.19
07/05/2018,244.18
07/03/2018,242.01
07/02/2018,243.26
06/29/2018,243.81
06/28/2018,239.81
06/27/2018,237.68
06/26/2018,242.25
06/25/2018,239.68
06/22/2018,243.63
06/21/2018,248.83
06/20/2018,251.24
06/19/2018,251.74
06/18/2018,255.69
06/15/2018,251.82
06/14/2018,258.1
06/13/2018,256.13
06/12/2018,252.59
06/11/2018,251
06/08/2018,251.21
06/07/2018,247.51
06/06/2018,253.95
06/05/2018,252.7
06/04/2018,253.34
06/01/2018,251.31
05/31/2018,249.28
05/30/2018,247.4
05/29/2018,242.19
05/25/2018,243.56
05/24/2018,245.15
05/23/2018,243.91
05/22/2018,238.79
05/21/2018,238.1
05/18/2018,238.09
05/17/2018,236.85
05/16/2018,237.39
05/15/2018,236.6
05/14/2018,238.37
05/11/2018,241.88
05/10/2018,241.15
05/09/2018,239.74
05/08/2018,234.56
05/07/2018,230.99
05/04/2018,228.51
05/03/2018,226.05
05/02/2018,221.1
05/01/2018,224.08
04/30/2018,221.6
04/27/2018,221.9
04/26/2018,221.91
04/25/2018,217.32
04/24/2018,217.89
04/23/2018,225.3
04/20/2018,225.24
04/19/2018,227.62
04/18/2018,231.1
04/17/2018,231.16
04/16/2018,226.52
04/13/2018,224.06
04/12/2018,226.96
04/11/2018,223.63
04/10/2018,224.53
04/09/2018,219.17
04/06/2018,218.61
04/05/2018,223.54
04/04/2018,225.05
04/03/2018,215.93
04/02/2018,212.28
03/29/2018,216.08
03/28/2018,212.54
03/27/2018,213.8
03/26/2018,228.91
03/23/2018,215.02
03/22/2018,220.52
03/21/2018,226.85
03/20/2018,229.75
03/19/2018,222.18
03/16/2018,225.55
03/15/2018,218.87
03/14/2018,218.44
03/13/2018,219.76
03/12/2018,220.94
03/09/2018,221.11
03/08/2018,216.4
03/07/2018,216.86
03/06/2018,212.01
03/05/2018,211.16
03/02/2018,209.79
03/01/2018,206.03
02/28/2018,209.13
02/27/2018,208.82
02/26/2018,212.15
02/23/2018,209.74
02/22/2018,202.61
02/21/2018,202.09
02/20/2018,202.98
02/16/2018,201.56
02/15/2018,202.97
02/14/2018,197.13
02/13/2018,193.48
02/12/2018,192.15
02/09/2018,187.99
02/08/2018,185.16
02/07/2018,192.34
02/06/2018,194.47
02/05/2018,190.27
02/02/2018,195.64
02/01/2018,199.38
01/31/2018,199.76
01/30/2018,196.9
01/29/2018,198.23
01/26/2018,201.3
01/25/2018,197.51
01/24/2018,197.78
01/23/2018,200.09
01/22/2018,197.84
01/19/2018,195.73
01/18/2018,196.2
01/17/2018,196.49
01/16/2018,192.46
01/12/2018,195.05
01/11/2018,188.92
01/10/2018,187.11
01/09/2018,186.7
01/08/2018,185.04
01/05/2018,185.34
01/04/2018,183.22
01/03/2018,181.04
01/02/2018,177.7
12/29/2017,175.24
12/28/2017,175.55
12/27/2017,175.36
12/26/2017,174.44
12/22/2017,175
12/21/2017,174.56
12/20/2017,174.25
12/19/2017,174.97
12/18/2017,176.74
12/15/2017,177.51
12/14/2017,175
12/13/2017,176.83
12/12/2017,172.54
12/11/2017,174.31
12/08/2017,173.57
12/07/2017,174.61
12/06/2017,173.52
12/05/2017,167.54
12/04/2017,168.44
12/01/2017,179.52
11/30/2017,181.47
11/29/2017,176.85
11/28/2017,185.4
11/27/2017,185
11/24/2017,184.46
11/22/2017,182.9
11/21/2017,184.15
11/20/2017,182.34
11/17/2017,182.24
11/16/2017,182.3
11/15/2017,180.08
11/14/2017,181.32
11/13/2017,181.85
11/10/2017,181.72
11/09/2017,181.92
11/08/2017,184.06
11/07/2017,180.88
11/06/2017,180.8
11/03/2017,182.3
11/02/2017,180.94
11/01/2017,176.25
10/31/2017,175.16
10/30/2017,176.03
10/27/2017,177.33
10/26/2017,173.75
10/25/2017,171.83
10/24/2017,171.58
10/23/2017,172.16
10/20/2017,175.64
10/19/2017,171.73
10/18/2017,153
10/17/2017,150.38
10/16/2017,150.46
10/13/2017,153.93
10/12/2017,153.61
10/11/2017,153.65
10/10/2017,152.15
10/09/2017,151.5
10/06/2017,151.12
10/05/2017,150.25
10/04/2017,147.95
10/03/2017,148.6
10/02/2017,147.94
09/29/2017,149.18
09/28/2017,146.83
09/27/2017,146.43
09/26/2017,145.4
09/25/2017,144.57
09/22/2017,148.5
09/21/2017,149.3
09/20/2017,149.96
09/19/2017,156.6
09/18/2017,155.77
09/15/2017,154.49
09/14/2017,154.95
09/13/2017,156.24
09/12/2017,156.31
09/11/2017,156.87
09/08/2017,155.34
09/07/2017,155.47
09/06/2017,153.76
09/05/2017,154.28
09/01/2017,155.06
08/31/2017,155.16
08/30/2017,153.67
08/29/2017,152.14
08/28/2017,151.79
08/25/2017,151.45
08/24/2017,150.81
08/23/2017,151.1
08/22/2017,152.25
08/21/2017,149.26
08/18/2017,147.97
08/17/2017,148.23
08/16/2017,151.8
08/15/2017,150.36
08/14/2017,149.16
08/11/2017,146.47
08/10/2017,144.92
08/09/2017,148.35
08/08/2017,147.81
08/07/2017,148.44
08/04/2017,147.71
08/03/2017,147.79
08/02/2017,147.13
08/01/2017,147.36
07/31/2017,146.49
07/28/2017,146.73
07/27/2017,146.2
07/26/2017,149.78
07/25/2017,148.21
07/24/2017,149.53
07/21/2017,149.52
07/20/2017,149.94
07/19/2017,148.92
07/18/2017,147.89
07/17/2017,146.4
07/14/2017,146.16
07/13/2017,145.05
07/12/2017,145.91
07/11/2017,142.93
07/10/2017,143.34
07/07/2017,142.22
07/06/2017,140.75
07/05/2017,141.21
07/03/2017,138.41
06/30/2017,141.44
06/29/2017,141.24
06/28/2017,143.81
06/27/2017,142.54
06/26/2017,144.96
06/23/2017,145.41
06/22/2017,143.69
06/21/2017,144.24
06/20/2017,140.91
06/19/2017,140.35
06/16/2017,137.84
06/15/2017,137.52
06/14/2017,138.25
06/13/2017,139.09
06/12/2017,137.25
06/09/2017,138.05
06/08/2017,142.63
06/07/2017,143.62
06/06/2017,143.03
06/05/2017,143.59
06/02/2017,143.48
06/01/2017,141.38
05/31/2017,141.86
05/30/2017,142.41
05/26/2017,141.89
05/25/2017,142.85
05/24/2017,141.12
05/23/2017,139.52
05/22/2017,138.86
05/19/2017,136.43
05/18/2017,134.54
05/17/2017,134.33
05/16/2017,138.03
05/15/2017,137.6
05/12/2017,136.84
05/11/2017,136.29
05/10/2017,136.15
05/09/2017,135.6
05/08/2017,135.12
05/05/2017,134.84
05/04/2017,134.61
05/03/2017,134.85
05/02/2017,135
05/01/2017,135.11
04/28/2017,133.74
04/27/2017,133.38
04/26/2017,132.79
04/25/2017,133.49
04/24/2017,132.89
04/21/2017,131.52
04/20/2017,131.42
04/19/2017,130.22
04/18/2017,129.81
04/17/2017,129.99
04/13/2017,129.05
04/12/2017,129.38
04/11/2017,129.95
04/10/2017,130.16
04/07/2017,130.22
04/06/2017,130.15
04/05/2017,129.89
04/04/2017,130.04
04/03/2017,129.59
03/31/2017,130.13
03/30/2017,129.61
03/29/2017,129.58
03/28/2017,128.69
03/27/2017,128.25
03/24/2017,127.7
03/23/2017,126.87
03/22/2017,126.21
03/21/2017,125.07
03/20/2017,126.31
03/17/2017,127.01
03/16/2017,122.35
03/15/2017,122.11
03/14/2017,121.44
03/13/2017,121.8
03/10/2017,121.09
03/09/2017,119.91
03/08/2017,119.6
03/07/2017,119.98
03/06/2017,120.15
03/03/2017,120.04
03/02/2017,119.9
03/01/2017,120.35
02/28/2017,118.34
02/27/2017,118.78
02/24/2017,119.31
02/23/2017,118.83
02/22/2017,119.47
02/21/2017,119.63
02/17/2017,119.67
02/16/2017,118.93
02/15/2017,118.73
02/14/2017,117.58
02/13/2017,117.65
02/10/2017,116.85
02/09/2017,116.44
02/08/2017,116.13
02/07/2017,114.96
02/06/2017,114.46
02/03/2017,115.17
02/02/2017,113.16
02/01/2017,113.36
01/31/2017,113.38
01/30/2017,113.82
01/27/2017,113.99
01/26/2017,112.88
01/25/2017,114.25
01/24/2017,113.72
01/23/2017,110.97
01/20/2017,110.71
01/19/2017,109.79
01/18/2017,108.79
01/17/2017,108
01/13/2017,108.53
01/12/2017,108.59
01/11/2017,108.99
01/10/2017,108.26
01/09/2017,108.57
01/06/2017,108.3
01/05/2017,105.91
01/04/2017,104.14
01/03/2017,103.48
12/30/2016,102.95
12/29/2016,103.68
12/28/2016,103.77
12/27/2016,104.98
12/23/2016,105.02
12/22/2016,104.72
12/21/2016,105.51
12/20/2016,105.77
12/19/2016,105.29
12/16/2016,103.55
12/15/2016,105.1
12/14/2016,105.81
12/13/2016,106.15
12/12/2016,105.16
12/09/2016,104.31
12/08/2016,103.5
12/07/2016,103.36
12/06/2016,101.55
12/05/2016,101.95
12/02/2016,99.73
12/01/2016,99.51
11/30/2016,102.81
11/29/2016,104.95
11/28/2016,104.5
11/25/2016,105.02
11/23/2016,104.21
11/22/2016,105.21
11/21/2016,105.65
11/18/2016,105.02
11/17/2016,105.81
11/16/2016,104.08
11/15/2016,103.66
11/14/2016,102.42
11/11/2016,103.68
11/10/2016,104.08
11/09/2016,107.86
11/08/2016,108.39
11/07/2016,108.66
11/04/2016,106.2
11/03/2016,107.17
11/02/2016,105.89
11/01/2016,106.87
10/31/2016,107.51
10/28/2016,107.6
10/27/2016,107.07
10/26/2016,107.97
10/25/2016,109.03
10/24/2016,110.81
10/21/2016,109.03
10/20/2016,109.03
10/19/2016,108.39
10/18/2016,108.42
10/17/2016,107.49
10/14/2016,107.84
10/13/2016,108.01
10/12/2016,108.05
10/11/2016,107.37
10/10/2016,109.24
10/07/2016,108.64
10/06/2016,108.56
10/05/2016,108.8
10/04/2016,108.39
10/03/2016,108.45
09/30/2016,108.54
09/29/2016,107.8
09/28/2016,109.49
09/27/2016,109.7
09/26/2016,107.26
09/23/2016,107.47
09/22/2016,107.92
09/21/2016,107.78
09/20/2016,100.62
09/19/2016,99.68
09/16/2016,98.93
09/15/2016,99.62
09/14/2016,98.79
09/13/2016,98.77
09/12/2016,100.32
09/09/2016,99.38
09/08/2016,101.88
09/07/2016,103
09/06/2016,103.5
09/02/2016,103.57
09/01/2016,102.9
08/31/2016,102.31
08/30/2016,102
08/29/2016,102.3
08/26/2016,102.06
08/25/2016,101.69
08/24/2016,101.14
08/23/2016,101.14
08/22/2016,100.24
08/19/2016,100.32
08/18/2016,100.67
08/17/2016,99.7
08/16/2016,100.6
08/15/2016,100.93
08/12/2016,101.04
08/11/2016,101.67
08/10/2016,100.62
08/09/2016,98.87
08/08/2016,98.49
08/05/2016,99.04
08/04/2016,97.09
08/03/2016,96.67
08/02/2016,96.05
08/01/2016,97.72
07/29/2016,97.86
07/28/2016,98.44
07/27/2016,97.93
07/26/2016,97.91
07/25/2016,97.32
07/22/2016,98.06
07/21/2016,96.34
07/20/2016,98.4
07/19/2016,97.79
07/18/2016,97.79
07/15/2016,97.83
07/14/2016,97.7
07/13/2016,97.34
07/12/2016,97.54
07/11/2016,97.14
07/08/2016,96.79
07/07/2016,95.14
07/06/2016,95.18
07/05/2016,94.73
07/01/2016,95.32
06/30/2016,95.79
06/29/2016,94.39
06/28/2016,92.46
06/27/2016,90.85
06/24/2016,92.2
06/23/2016,96.21
06/22/2016,94.01
06/21/2016,99.72
06/20/2016,97.99
06/17/2016,95.58
06/16/2016,97.19
06/15/2016,97.02
06/14/2016,96.98
06/13/2016,96.96
06/10/2016,97.09
06/09/2016,98.07
06/08/2016,98.68
06/07/2016,98.52
06/06/2016,99.12
06/03/2016,98.7
06/02/2016,100.17
06/01/2016,100.04
05/31/2016,99.47
05/27/2016,100.14
05/26/2016,99.37
05/25/2016,99.61
05/24/2016,99.63
05/23/2016,96.62
05/20/2016,96.88
05/19/2016,95.88
05/18/2016,96.7
05/17/2016,95.93
05/16/2016,97.23
05/13/2016,95.97
05/12/2016,95.96
05/11/2016,96.1
05/10/2016,96.52
05/09/2016,94.61
05/06/2016,94.3
05/05/2016,93.5
05/04/2016,92.94
05/03/2016,93.66
05/02/2016,94.9
04/29/2016,94.22
04/28/2016,93.64
04/27/2016,95.64
04/26/2016,96.15
04/25/2016,95.8
04/22/2016,94.79
04/21/2016,96.37
04/20/2016,96.33
04/19/2016,96.52
04/18/2016,96.55
04/15/2016,95.16
04/14/2016,94.44
04/13/2016,94.53
04/12/2016,93.42
04/11/2016,92.95
04/08/2016,94.07
04/07/2016,93.78
04/06/2016,95.4
04/05/2016,94.17
04/04/2016,94.5
04/01/2016,95.16
03/31/2016,93.8
03/30/2016,93.78
03/29/2016,93.22
03/28/2016,92.4
03/24/2016,92.52
03/23/2016,92.16
03/22/2016,92.56
03/21/2016,92.5
03/18/2016,93.42
03/17/2016,89.96
03/16/2016,88.17
03/15/2016,86.83
03/14/2016,87.01
03/11/2016,86
03/10/2016,84.85
03/09/2016,85.27
03/08/2016,84.35
03/07/2016,85.11
03/04/2016,86.18
03/03/2016,87.21
03/02/2016,88.39
03/01/2016,88.37
02/29/2016,85.15
02/26/2016,86.6
02/25/2016,86.68
02/24/2016,83.42
02/23/2016,83.07
02/22/2016,83.8
02/19/2016,80.87
02/18/2016,80.53
02/17/2016,81.85
02/16/2016,78.88
02/12/2016,76.67
02/11/2016,74.94
02/10/2016,75.53
02/09/2016,73.85
02/08/2016,74.94
02/05/2016,79.2
02/04/2016,86.36
02/03/2016,87.99
02/02/2016,87.95
02/01/2016,89.61
01/29/2016,89.13
01/28/2016,84.52
01/27/2016,84.85
01/26/2016,86.89
01/25/2016,86.77
01/22/2016,89.63
01/21/2016,88
01/20/2016,87.94
01/19/2016,89.18
01/15/2016,89.17
01/14/2016,89.8
01/13/2016,88.3
01/12/2016,89.82
01/11/2016,89.38
01/08/2016,87.85
01/07/2016,89.11
01/06/2016,91.02
01/05/2016,92.34
01/04/2016,91.97
